{"bones":{}, "verts":[0.9999998807907104,0.9999998807907104,1.0,-1.0,0.9999999403953552,-0.9999997019767761,-0.9999995827674866,0.9999998807907104,1.0000004768371582,-0.9999998807907104,-1.0,0.9999999403953552,0.9999992847442627,-1.0,-1.0000004768371582,1.0000003576278687,-1.0,0.999999463558197,1.0000003576278687,-1.0,0.999999463558197,0.9999998807907104,1.0,-0.9999999403953552,0.9999998807907104,0.9999998807907104,1.0,0.9999992847442627,-1.0,-1.0000004768371582,-1.0,0.9999999403953552,-0.9999997019767761,0.9999998807907104,1.0,-0.9999999403953552,-1.0,0.9999999403953552,-0.9999997019767761,-0.9999998807907104,-1.0,0.9999999403953552,-0.9999995827674866,0.9999998807907104,1.0000004768371582,0.9999998807907104,0.9999998807907104,1.0,-0.9999998807907104,-1.0,0.9999999403953552,1.0000003576278687,-1.0,0.999999463558197,0.9999998807907104,0.9999998807907104,1.0,0.9999998807907104,1.0,-0.9999999403953552,-1.0,0.9999999403953552,-0.9999997019767761,-0.9999998807907104,-1.0,0.9999999403953552,-1.000000238418579,-1.0,-0.9999997615814209,0.9999992847442627,-1.0,-1.0000004768371582,1.0000003576278687,-1.0,0.999999463558197,0.9999992847442627,-1.0,-1.0000004768371582,0.9999998807907104,1.0,-0.9999999403953552,0.9999992847442627,-1.0,-1.0000004768371582,-1.000000238418579,-1.0,-0.9999997615814209,-1.0,0.9999999403953552,-0.9999997019767761,-1.0,0.9999999403953552,-0.9999997019767761,-1.000000238418579,-1.0,-0.9999997615814209,-0.9999998807907104,-1.0,0.9999999403953552,0.9999998807907104,0.9999998807907104,1.0,-0.9999995827674866,0.9999998807907104,1.0000004768371582,-0.9999998807907104,-1.0,0.9999999403953552], "normals":[0.5773502588272095,0.5773501992225647,0.5773503184318542,-0.5773503184318542,0.5773503184318542,-0.5773500800132751,-0.5773501396179199,0.5773501992225647,0.5773504972457886,-0.5773502588272095,-0.5773503184318542,0.5773503184318542,0.5773499011993408,-0.5773503184318542,-0.5773506164550781,0.5773504972457886,-0.5773503184318542,0.5773500204086304,0.5773504972457886,-0.5773503184318542,0.5773500204086304,0.5773501396179199,0.5773503184318542,-0.5773501992225647,0.5773502588272095,0.5773501992225647,0.5773503184318542,0.5773499011993408,-0.5773503184318542,-0.5773506164550781,-0.5773503184318542,0.5773503184318542,-0.5773500800132751,0.5773501396179199,0.5773503184318542,-0.5773501992225647,-0.5773503184318542,0.5773503184318542,-0.5773500800132751,-0.5773502588272095,-0.5773503184318542,0.5773503184318542,-0.5773501396179199,0.5773501992225647,0.5773504972457886,0.5773502588272095,0.5773501992225647,0.5773503184318542,-0.5773502588272095,-0.5773503184318542,0.5773503184318542,0.5773504972457886,-0.5773503184318542,0.5773500204086304,0.5773502588272095,0.5773501992225647,0.5773503184318542,0.5773501396179199,0.5773503184318542,-0.5773501992225647,-0.5773503184318542,0.5773503184318542,-0.5773500800132751,-0.5773502588272095,-0.5773503184318542,0.5773503184318542,-0.5773504972457886,-0.5773502588272095,-0.5773501992225647,0.5773499011993408,-0.5773503184318542,-0.5773506164550781,0.5773504972457886,-0.5773503184318542,0.5773500204086304,0.5773499011993408,-0.5773503184318542,-0.5773506164550781,0.5773501396179199,0.5773503184318542,-0.5773501992225647,0.5773499011993408,-0.5773503184318542,-0.5773506164550781,-0.5773504972457886,-0.5773502588272095,-0.5773501992225647,-0.5773503184318542,0.5773503184318542,-0.5773500800132751,-0.5773503184318542,0.5773503184318542,-0.5773500800132751,-0.5773504972457886,-0.5773502588272095,-0.5773501992225647,-0.5773502588272095,-0.5773503184318542,0.5773503184318542,0.5773502588272095,0.5773501992225647,0.5773503184318542,-0.5773501396179199,0.5773501992225647,0.5773504972457886,-0.5773502588272095,-0.5773503184318542,0.5773503184318542], "uvs":[0.5,1.0,0.0,0.5,0.0,1.0,0.5,0.5,1.0,0.0,1.0,0.5,0.5,0.5,0.0,0.0,0.5,0.0,1.0,1.0,0.5,0.5,1.0,0.5,0.0,0.0,0.5,0.5,0.5,0.0,1.0,0.5,0.5,1.0,1.0,1.0,0.5,1.0,0.5,0.5,0.0,0.5,0.5,0.5,0.5,0.0,1.0,0.0,0.5,0.5,0.0,0.5,0.0,0.0,1.0,1.0,0.5,1.0,0.5,0.5,0.0,0.0,0.0,0.5,0.5,0.5,1.0,0.5,0.5,0.5,0.5,1.0]}