{"bones":{}, "verts":[1.0,-1.0,-1.0,-0.9999996423721313,1.0000003576278687,-1.0,1.0,0.9999999403953552,-1.0,-0.9999999403953552,1.0,1.0,0.9999993443489075,-1.0000005960464478,1.0,1.0000004768371582,0.999999463558197,1.0,1.0000004768371582,0.999999463558197,1.0,1.0,-1.0,-1.0,1.0,0.9999999403953552,-1.0,0.9999993443489075,-1.0000005960464478,1.0,-1.0000001192092896,-0.9999998211860657,-1.0,1.0,-1.0,-1.0,-1.0000001192092896,-0.9999998211860657,-1.0,-0.9999999403953552,1.0,1.0,-0.9999996423721313,1.0000003576278687,-1.0,1.0,0.9999999403953552,-1.0,-0.9999999403953552,1.0,1.0,1.0000004768371582,0.999999463558197,1.0,1.0,-1.0,-1.0,-1.0000001192092896,-0.9999998211860657,-1.0,-0.9999996423721313,1.0000003576278687,-1.0,-0.9999999403953552,1.0,1.0,-1.0000003576278687,-0.9999996423721313,1.0,0.9999993443489075,-1.0000005960464478,1.0,1.0000004768371582,0.999999463558197,1.0,0.9999993443489075,-1.0000005960464478,1.0,1.0,-1.0,-1.0,0.9999993443489075,-1.0000005960464478,1.0,-1.0000003576278687,-0.9999996423721313,1.0,-1.0000001192092896,-0.9999998211860657,-1.0,-1.0000001192092896,-0.9999998211860657,-1.0,-1.0000003576278687,-0.9999996423721313,1.0,-0.9999999403953552,1.0,1.0,1.0,0.9999999403953552,-1.0,-0.9999996423721313,1.0000003576278687,-1.0,-0.9999999403953552,1.0,1.0], "normals":[0.5773503184318542,-0.5773501992225647,-0.5773502588272095,-0.5773500800132751,0.5773504972457886,-0.5773503184318542,0.5773502588272095,0.5773503184318542,-0.5773502588272095,-0.5773502588272095,0.577350378036499,0.5773503184318542,0.577349841594696,-0.5773506164550781,0.5773503184318542,0.5773504972457886,0.5773499608039856,0.5773501992225647,0.5773504972457886,0.5773499608039856,0.5773501992225647,0.5773503184318542,-0.5773501992225647,-0.5773502588272095,0.5773502588272095,0.5773503184318542,-0.5773502588272095,0.577349841594696,-0.5773506164550781,0.5773503184318542,-0.5773503184318542,-0.5773501396179199,-0.5773502588272095,0.5773503184318542,-0.5773501992225647,-0.5773502588272095,-0.5773503184318542,-0.5773501396179199,-0.5773502588272095,-0.5773502588272095,0.577350378036499,0.5773503184318542,-0.5773500800132751,0.5773504972457886,-0.5773503184318542,0.5773502588272095,0.5773503184318542,-0.5773502588272095,-0.5773502588272095,0.577350378036499,0.5773503184318542,0.5773504972457886,0.5773499608039856,0.5773501992225647,0.5773503184318542,-0.5773501992225647,-0.5773502588272095,-0.5773503184318542,-0.5773501396179199,-0.5773502588272095,-0.5773500800132751,0.5773504972457886,-0.5773503184318542,-0.5773502588272095,0.577350378036499,0.5773503184318542,-0.5773504972457886,-0.5773500204086304,0.5773502588272095,0.577349841594696,-0.5773506164550781,0.5773503184318542,0.5773504972457886,0.5773499608039856,0.5773501992225647,0.577349841594696,-0.5773506164550781,0.5773503184318542,0.5773503184318542,-0.5773501992225647,-0.5773502588272095,0.577349841594696,-0.5773506164550781,0.5773503184318542,-0.5773504972457886,-0.5773500204086304,0.5773502588272095,-0.5773503184318542,-0.5773501396179199,-0.5773502588272095,-0.5773503184318542,-0.5773501396179199,-0.5773502588272095,-0.5773504972457886,-0.5773500204086304,0.5773502588272095,-0.5773502588272095,0.577350378036499,0.5773503184318542,0.5773502588272095,0.5773503184318542,-0.5773502588272095,-0.5773500800132751,0.5773504972457886,-0.5773503184318542,-0.5773502588272095,0.577350378036499,0.5773503184318542], "uvs":[1.0,0.0,0.5,0.5,0.5,0.0,0.5,0.5,0.0,1.0,0.0,0.5,0.0,0.5,0.5,0.0,0.5,0.5,1.0,0.5,0.5,1.0,0.5,0.5,0.0,0.0,0.5,0.5,0.0,0.5,1.0,0.5,0.5,1.0,0.5,0.5,1.0,0.0,1.0,0.5,0.5,0.5,0.5,0.5,0.5,1.0,0.0,1.0,0.0,0.5,0.0,0.0,0.5,0.0,1.0,0.5,1.0,1.0,0.5,1.0,0.0,0.0,0.5,0.0,0.5,0.5,1.0,0.5,1.0,1.0,0.5,1.0]}