{"bones":{}, "verts":[1.0,1.0,1.0,-1.0,1.0,-1.0,-1.0,1.0,1.0,-1.0,-1.0,1.0,1.0,-1.0,-1.0,1.0,-1.0,1.0,1.0,-1.0,1.0,1.0,1.0,-1.0,1.0,1.0,1.0,1.0,-1.0,-1.0,-1.0,1.0,-1.0,1.0,1.0,-1.0,-1.0,1.0,-1.0,-1.0,-1.0,1.0,-1.0,1.0,1.0,1.0,1.0,1.0,-1.0,-1.0,1.0,1.0,-1.0,1.0,1.0,1.0,1.0,1.0,1.0,-1.0,-1.0,1.0,-1.0,-1.0,-1.0,1.0,-1.0,-1.0,-1.0,1.0,-1.0,-1.0,1.0,-1.0,1.0,1.0,-1.0,-1.0,1.0,1.0,-1.0,1.0,-1.0,-1.0,-1.0,-1.0,-1.0,-1.0,1.0,-1.0,-1.0,1.0,-1.0,-1.0,-1.0,-1.0,-1.0,-1.0,1.0,1.0,1.0,1.0,-1.0,1.0,1.0,-1.0,-1.0,1.0], "normals":[0.5773502588272095,0.5773501992225647,0.5773503184318542,-0.5773503184318542,0.5773503184318542,-0.5773500800132751,-0.5773501396179199,0.5773501992225647,0.5773504972457886,-0.5773502588272095,-0.5773503184318542,0.5773503184318542,0.5773499011993408,-0.5773503184318542,-0.5773506164550781,0.5773504972457886,-0.5773503184318542,0.5773500204086304,0.5773504972457886,-0.5773503184318542,0.5773500204086304,0.5773501396179199,0.5773503184318542,-0.5773501992225647,0.5773502588272095,0.5773501992225647,0.5773503184318542,0.5773499011993408,-0.5773503184318542,-0.5773506164550781,-0.5773503184318542,0.5773503184318542,-0.5773500800132751,0.5773501396179199,0.5773503184318542,-0.5773501992225647,-0.5773503184318542,0.5773503184318542,-0.5773500800132751,-0.5773502588272095,-0.5773503184318542,0.5773503184318542,-0.5773501396179199,0.5773501992225647,0.5773504972457886,0.5773502588272095,0.5773501992225647,0.5773503184318542,-0.5773502588272095,-0.5773503184318542,0.5773503184318542,0.5773504972457886,-0.5773503184318542,0.5773500204086304,0.5773502588272095,0.5773501992225647,0.5773503184318542,0.5773501396179199,0.5773503184318542,-0.5773501992225647,-0.5773503184318542,0.5773503184318542,-0.5773500800132751,-0.5773502588272095,-0.5773503184318542,0.5773503184318542,-0.5773504972457886,-0.5773502588272095,-0.5773501992225647,0.5773499011993408,-0.5773503184318542,-0.5773506164550781,0.5773504972457886,-0.5773503184318542,0.5773500204086304,0.5773499011993408,-0.5773503184318542,-0.5773506164550781,0.5773501396179199,0.5773503184318542,-0.5773501992225647,0.5773499011993408,-0.5773503184318542,-0.5773506164550781,-0.5773504972457886,-0.5773502588272095,-0.5773501992225647,-0.5773503184318542,0.5773503184318542,-0.5773500800132751,-0.5773503184318542,0.5773503184318542,-0.5773500800132751,-0.5773504972457886,-0.5773502588272095,-0.5773501992225647,-0.5773502588272095,-0.5773503184318542,0.5773503184318542,0.5773502588272095,0.5773501992225647,0.5773503184318542,-0.5773501396179199,0.5773501992225647,0.5773504972457886,-0.5773502588272095,-0.5773503184318542,0.5773503184318542], "uvs":[0.5,1.0,0.0,0.5,0.0,1.0,0.5,0.5,1.0,0.0,1.0,0.5,0.5,0.5,0.0,0.0,0.5,0.0,1.0,1.0,0.5,0.5,1.0,0.5,0.0,0.0,0.5,0.5,0.5,0.0,1.0,0.5,0.5,1.0,1.0,1.0,0.5,1.0,0.5,0.5,0.0,0.5,0.5,0.5,0.5,0.0,1.0,0.0,0.5,0.5,0.0,0.5,0.0,0.0,1.0,1.0,0.5,1.0,0.5,0.5,0.0,0.0,0.0,0.5,0.5,0.5,1.0,0.5,0.5,0.5,0.5,1.0]}
